data_id,Class
1,DERMASON
2,SIRA
3,SEKER
4,HOROZ
5,CALI
6,BARBUNYA
7,BOMBAY
8,BOMBAY
9,BOMBAY
10,BOMBAY
11,BOMBAY
12,BOMBAY
13,BOMBAY
14,BOMBAY
15,BOMBAY
16,BOMBAY
17,BOMBAY
18,BOMBAY
19,BOMBAY
20,BOMBAY
21,BOMBAY
22,BOMBAY
23,BOMBAY
24,BOMBAY
25,BOMBAY
26,BOMBAY
27,BOMBAY
28,BOMBAY
29,BOMBAY
30,BOMBAY
31,BOMBAY
32,BOMBAY
33,BOMBAY
34,BOMBAY
35,BOMBAY
36,BOMBAY
37,BOMBAY
38,BOMBAY
39,BOMBAY
40,BOMBAY
41,BOMBAY
42,BOMBAY
43,BOMBAY
44,BOMBAY
45,BOMBAY
46,BOMBAY
47,BOMBAY
48,BOMBAY
49,BOMBAY
50,BOMBAY
51,BOMBAY
52,BOMBAY
53,BOMBAY
54,BOMBAY
55,BOMBAY
56,BOMBAY
57,BOMBAY
58,BOMBAY
59,BOMBAY
60,BOMBAY
61,BOMBAY
62,BOMBAY
63,BOMBAY
64,BOMBAY
65,BOMBAY
66,BOMBAY
67,BOMBAY
68,BOMBAY
69,BOMBAY
70,BOMBAY
71,BOMBAY
72,BOMBAY
73,BOMBAY
74,BOMBAY
75,BOMBAY
76,BOMBAY
77,BOMBAY
78,BOMBAY
79,BOMBAY
80,BOMBAY
81,BOMBAY
82,BOMBAY
83,BOMBAY
84,BOMBAY
85,BOMBAY
86,BOMBAY
87,BOMBAY
88,BOMBAY
89,BOMBAY
90,BOMBAY
91,BOMBAY
92,BOMBAY
93,BOMBAY
94,BOMBAY
95,BOMBAY
96,BOMBAY
97,BOMBAY
98,BOMBAY
99,BOMBAY
100,BOMBAY
101,BOMBAY
102,BOMBAY
103,BOMBAY
104,BOMBAY
105,BOMBAY
106,BOMBAY
107,BOMBAY
108,BOMBAY
109,BOMBAY
110,BOMBAY
111,BOMBAY
112,BOMBAY
113,BOMBAY
114,BOMBAY
115,BOMBAY
116,BOMBAY
117,BOMBAY
118,BOMBAY
119,BOMBAY
120,BOMBAY
121,BOMBAY
122,BOMBAY
123,BOMBAY
124,BOMBAY
125,BOMBAY
126,BOMBAY
127,BOMBAY
128,BOMBAY
129,BOMBAY
130,BOMBAY
131,BOMBAY
132,BOMBAY
133,BOMBAY
134,BOMBAY
135,BOMBAY
136,BOMBAY
137,BOMBAY
138,BOMBAY
139,BOMBAY
140,BOMBAY
141,BOMBAY
142,BOMBAY
143,BOMBAY
144,BOMBAY
145,BOMBAY
146,BOMBAY
147,BOMBAY
148,BOMBAY
149,BOMBAY
150,BOMBAY
151,BOMBAY
152,BOMBAY
153,BOMBAY
154,BOMBAY
155,BOMBAY
156,BOMBAY
157,BOMBAY
158,BOMBAY
159,BOMBAY
160,BOMBAY
161,BOMBAY
162,BOMBAY
163,BOMBAY
164,BOMBAY
165,BOMBAY
166,BOMBAY
167,BOMBAY
168,BOMBAY
169,BOMBAY
170,BOMBAY
171,BOMBAY
172,BOMBAY
173,BOMBAY
174,BOMBAY
175,BOMBAY
176,BOMBAY
177,BOMBAY
178,BOMBAY
179,BOMBAY
180,BOMBAY
181,BOMBAY
182,BOMBAY
183,BOMBAY
184,BOMBAY
185,BOMBAY
186,BOMBAY
187,BOMBAY
188,BOMBAY
189,BOMBAY
190,BOMBAY
191,BOMBAY
192,BOMBAY
193,BOMBAY
194,BOMBAY
195,BOMBAY
196,BOMBAY
197,BOMBAY
198,BOMBAY
199,BOMBAY
200,BOMBAY
201,BOMBAY
202,BOMBAY
203,BOMBAY
204,BOMBAY
205,BOMBAY
206,BOMBAY
207,BOMBAY
208,BOMBAY
209,BOMBAY
210,BOMBAY
211,BOMBAY
212,BOMBAY
213,BOMBAY
214,BOMBAY
215,BOMBAY
216,BOMBAY
217,BOMBAY
218,BOMBAY
219,BOMBAY
220,BOMBAY
221,BOMBAY
222,BOMBAY
223,BOMBAY
224,BOMBAY
225,BOMBAY
226,BOMBAY
227,BOMBAY
228,BOMBAY
229,BOMBAY
230,BOMBAY
231,BOMBAY
232,BOMBAY
233,BOMBAY
234,BOMBAY
235,BOMBAY
236,BOMBAY
237,BOMBAY
238,BOMBAY
239,BOMBAY
240,BOMBAY
241,BOMBAY
242,BOMBAY
243,BOMBAY
244,BOMBAY
245,BOMBAY
246,BOMBAY
247,BOMBAY
248,BOMBAY
249,BOMBAY
250,BOMBAY
251,BOMBAY
252,BOMBAY
253,BOMBAY
254,BOMBAY
255,BOMBAY
256,BOMBAY
257,BOMBAY
258,BOMBAY
259,BOMBAY
260,BOMBAY
261,BOMBAY
262,BOMBAY
263,BOMBAY
264,BOMBAY
265,BOMBAY
266,BOMBAY
267,BOMBAY
268,BOMBAY
269,BOMBAY
270,BOMBAY
271,BOMBAY
272,BOMBAY
273,BOMBAY
274,BOMBAY
275,BOMBAY
276,BOMBAY
277,BOMBAY
278,BOMBAY
279,BOMBAY
280,BOMBAY
281,BOMBAY
282,BOMBAY
283,BOMBAY
284,BOMBAY
285,BOMBAY
286,BOMBAY
287,BOMBAY
288,BOMBAY
289,BOMBAY
290,BOMBAY
291,BOMBAY
292,BOMBAY
293,BOMBAY
294,BOMBAY
295,BOMBAY
296,BOMBAY
297,BOMBAY
298,BOMBAY
299,BOMBAY
300,BOMBAY
301,BOMBAY
302,BOMBAY
303,BOMBAY
304,BOMBAY
305,BOMBAY
306,BOMBAY
307,BOMBAY
308,BOMBAY
309,BOMBAY
310,BOMBAY
311,BOMBAY
312,BOMBAY
313,BOMBAY
314,BOMBAY
315,BOMBAY
316,BOMBAY
317,BOMBAY
318,BOMBAY
319,BOMBAY
320,BOMBAY
321,BOMBAY
322,BOMBAY
323,BOMBAY
324,BOMBAY
325,BOMBAY
326,BOMBAY
327,BOMBAY
328,BOMBAY
329,BOMBAY
330,BOMBAY
331,BOMBAY
332,BOMBAY
333,BOMBAY
334,BOMBAY
335,BOMBAY
336,BOMBAY
337,BOMBAY
338,BOMBAY
339,BOMBAY
340,BOMBAY
341,BOMBAY
342,BOMBAY
343,BOMBAY
344,BOMBAY
345,BOMBAY
346,BOMBAY
347,BOMBAY
348,BOMBAY
349,BOMBAY
350,BOMBAY
351,BOMBAY
352,BOMBAY
353,BOMBAY
354,BOMBAY
355,BOMBAY
356,BOMBAY
357,BOMBAY
358,BOMBAY
359,BOMBAY
360,BOMBAY
361,BOMBAY
362,BOMBAY
363,BOMBAY
364,BOMBAY
365,BOMBAY
366,BOMBAY
367,BOMBAY
368,BOMBAY
369,BOMBAY
370,BOMBAY
371,BOMBAY
372,BOMBAY
373,BOMBAY
374,BOMBAY
375,BOMBAY
376,BOMBAY
377,BOMBAY
378,BOMBAY
379,BOMBAY
380,BOMBAY
381,BOMBAY
382,BOMBAY
383,BOMBAY
384,BOMBAY
385,BOMBAY
386,BOMBAY
387,BOMBAY
388,BOMBAY
389,BOMBAY
390,BOMBAY
391,BOMBAY
392,BOMBAY
393,BOMBAY
394,BOMBAY
395,BOMBAY
396,BOMBAY
397,BOMBAY
398,BOMBAY
399,BOMBAY
400,BOMBAY
401,BOMBAY
402,BOMBAY
403,BOMBAY
404,BOMBAY
405,BOMBAY
406,BOMBAY
407,BOMBAY
408,BOMBAY
409,BOMBAY
410,BOMBAY
411,BOMBAY
412,BOMBAY
413,BOMBAY
414,BOMBAY
415,BOMBAY
416,BOMBAY
417,BOMBAY
418,BOMBAY
419,BOMBAY
420,BOMBAY
421,BOMBAY
422,BOMBAY
423,BOMBAY
424,BOMBAY
425,BOMBAY
426,BOMBAY
427,BOMBAY
428,BOMBAY
429,BOMBAY
430,BOMBAY
431,BOMBAY
432,BOMBAY
433,BOMBAY
434,BOMBAY
435,BOMBAY
436,BOMBAY
437,BOMBAY
438,BOMBAY
439,BOMBAY
440,BOMBAY
441,BOMBAY
442,BOMBAY
443,BOMBAY
444,BOMBAY
445,BOMBAY
446,BOMBAY
447,BOMBAY
448,BOMBAY
449,BOMBAY
450,BOMBAY
451,BOMBAY
452,BOMBAY
453,BOMBAY
454,BOMBAY
455,BOMBAY
456,BOMBAY
457,BOMBAY
458,BOMBAY
459,BOMBAY
460,BOMBAY
461,BOMBAY
462,BOMBAY
463,BOMBAY
464,BOMBAY
465,BOMBAY
466,BOMBAY
467,BOMBAY
468,BOMBAY
469,BOMBAY
470,BOMBAY
471,BOMBAY
472,BOMBAY
473,BOMBAY
474,BOMBAY
475,BOMBAY
476,BOMBAY
477,BOMBAY
478,BOMBAY
479,BOMBAY
480,BOMBAY
481,BOMBAY
482,BOMBAY
483,BOMBAY
484,BOMBAY
485,BOMBAY
486,BOMBAY
487,BOMBAY
488,BOMBAY
489,BOMBAY
490,BOMBAY
491,BOMBAY
492,BOMBAY
493,BOMBAY
494,BOMBAY
495,BOMBAY
496,BOMBAY
497,BOMBAY
498,BOMBAY
499,BOMBAY
500,BOMBAY
501,BOMBAY
502,BOMBAY
503,BOMBAY
504,BOMBAY
505,BOMBAY
506,BOMBAY
507,BOMBAY
508,BOMBAY
509,BOMBAY
510,BOMBAY
511,BOMBAY
512,BOMBAY
513,BOMBAY
514,BOMBAY
515,BOMBAY
516,BOMBAY
517,BOMBAY
518,BOMBAY
519,BOMBAY
520,BOMBAY
521,BOMBAY
522,BOMBAY
523,BOMBAY
524,BOMBAY
525,BOMBAY
526,BOMBAY
527,BOMBAY
528,BOMBAY
529,BOMBAY
530,BOMBAY
531,BOMBAY
532,BOMBAY
533,BOMBAY
534,BOMBAY
535,BOMBAY
536,BOMBAY
537,BOMBAY
538,BOMBAY
539,BOMBAY
540,BOMBAY
541,BOMBAY
542,BOMBAY
543,BOMBAY
544,BOMBAY
545,BOMBAY
546,BOMBAY
547,BOMBAY
548,BOMBAY
549,BOMBAY
550,BOMBAY
551,BOMBAY
552,BOMBAY
553,BOMBAY
554,BOMBAY
555,BOMBAY
556,BOMBAY
557,BOMBAY
558,BOMBAY
559,BOMBAY
560,BOMBAY
561,BOMBAY
562,BOMBAY
563,BOMBAY
564,BOMBAY
565,BOMBAY
566,BOMBAY
567,BOMBAY
568,BOMBAY
569,BOMBAY
570,BOMBAY
571,BOMBAY
572,BOMBAY
573,BOMBAY
574,BOMBAY
575,BOMBAY
576,BOMBAY
577,BOMBAY
578,BOMBAY
579,BOMBAY
580,BOMBAY
581,BOMBAY
582,BOMBAY
583,BOMBAY
584,BOMBAY
585,BOMBAY
586,BOMBAY
587,BOMBAY
588,BOMBAY
589,BOMBAY
590,BOMBAY
591,BOMBAY
592,BOMBAY
593,BOMBAY
594,BOMBAY
595,BOMBAY
596,BOMBAY
597,BOMBAY
598,BOMBAY
599,BOMBAY
600,BOMBAY
601,BOMBAY
602,BOMBAY
603,BOMBAY
604,BOMBAY
605,BOMBAY
606,BOMBAY
607,BOMBAY
608,BOMBAY
609,BOMBAY
610,BOMBAY
611,BOMBAY
612,BOMBAY
613,BOMBAY
614,BOMBAY
615,BOMBAY
616,BOMBAY
617,BOMBAY
618,BOMBAY
619,BOMBAY
620,BOMBAY
621,BOMBAY
622,BOMBAY
623,BOMBAY
624,BOMBAY
625,BOMBAY
626,BOMBAY
627,BOMBAY
628,BOMBAY
629,BOMBAY
630,BOMBAY
631,BOMBAY
632,BOMBAY
633,BOMBAY
634,BOMBAY
635,BOMBAY
636,BOMBAY
637,BOMBAY
638,BOMBAY
639,BOMBAY
640,BOMBAY
641,BOMBAY
642,BOMBAY
643,BOMBAY
644,BOMBAY
645,BOMBAY
646,BOMBAY
647,BOMBAY
648,BOMBAY
649,BOMBAY
650,BOMBAY
651,BOMBAY
652,BOMBAY
653,BOMBAY
654,BOMBAY
655,BOMBAY
656,BOMBAY
657,BOMBAY
658,BOMBAY
659,BOMBAY
660,BOMBAY
661,BOMBAY
662,BOMBAY
663,BOMBAY
664,BOMBAY
665,BOMBAY
666,BOMBAY
667,BOMBAY
668,BOMBAY
669,BOMBAY
670,BOMBAY
671,BOMBAY
672,BOMBAY
673,BOMBAY
674,BOMBAY
675,BOMBAY
676,BOMBAY
677,BOMBAY
678,BOMBAY
679,BOMBAY
680,BOMBAY
681,BOMBAY
682,BOMBAY
683,BOMBAY
684,BOMBAY
685,BOMBAY
686,BOMBAY
687,BOMBAY
688,BOMBAY
689,BOMBAY
690,BOMBAY
691,BOMBAY
692,BOMBAY
693,BOMBAY
694,BOMBAY
695,BOMBAY
696,BOMBAY
697,BOMBAY
698,BOMBAY
699,BOMBAY
700,BOMBAY
701,BOMBAY
702,BOMBAY
703,BOMBAY
704,BOMBAY
705,BOMBAY
706,BOMBAY
707,BOMBAY
708,BOMBAY
709,BOMBAY
710,BOMBAY
711,BOMBAY
712,BOMBAY
713,BOMBAY
714,BOMBAY
715,BOMBAY
716,BOMBAY
717,BOMBAY
718,BOMBAY
719,BOMBAY
720,BOMBAY
721,BOMBAY
722,BOMBAY
723,BOMBAY
724,BOMBAY
725,BOMBAY
726,BOMBAY
727,BOMBAY
728,BOMBAY
729,BOMBAY
730,BOMBAY
731,BOMBAY
732,BOMBAY
733,BOMBAY
734,BOMBAY
735,BOMBAY
736,BOMBAY
737,BOMBAY
738,BOMBAY
739,BOMBAY
740,BOMBAY
741,BOMBAY
742,BOMBAY
743,BOMBAY
744,BOMBAY
745,BOMBAY
746,BOMBAY
747,BOMBAY
748,BOMBAY
749,BOMBAY
750,BOMBAY
751,BOMBAY
752,BOMBAY
753,BOMBAY
754,BOMBAY
755,BOMBAY
756,BOMBAY
757,BOMBAY
758,BOMBAY
759,BOMBAY
760,BOMBAY
761,BOMBAY
762,BOMBAY
763,BOMBAY
764,BOMBAY
765,BOMBAY
766,BOMBAY
767,BOMBAY
768,BOMBAY
769,BOMBAY
770,BOMBAY
771,BOMBAY
772,BOMBAY
773,BOMBAY
774,BOMBAY
775,BOMBAY
776,BOMBAY
777,BOMBAY
778,BOMBAY
779,BOMBAY
780,BOMBAY
781,BOMBAY
782,BOMBAY
783,BOMBAY
784,BOMBAY
785,BOMBAY
786,BOMBAY
787,BOMBAY
788,BOMBAY
789,BOMBAY
790,BOMBAY
791,BOMBAY
792,BOMBAY
793,BOMBAY
794,BOMBAY
795,BOMBAY
796,BOMBAY
797,BOMBAY
798,BOMBAY
799,BOMBAY
800,BOMBAY
801,BOMBAY
802,BOMBAY
803,BOMBAY
804,BOMBAY
805,BOMBAY
806,BOMBAY
807,BOMBAY
808,BOMBAY
809,BOMBAY
810,BOMBAY
811,BOMBAY
812,BOMBAY
813,BOMBAY
814,BOMBAY
815,BOMBAY
816,BOMBAY
817,BOMBAY
818,BOMBAY
819,BOMBAY
820,BOMBAY
821,BOMBAY
822,BOMBAY
823,BOMBAY
824,BOMBAY
825,BOMBAY
826,BOMBAY
827,BOMBAY
828,BOMBAY
829,BOMBAY
830,BOMBAY
831,BOMBAY
832,BOMBAY
833,BOMBAY
834,BOMBAY
835,BOMBAY
836,BOMBAY
837,BOMBAY
838,BOMBAY
839,BOMBAY
840,BOMBAY
841,BOMBAY
842,BOMBAY
843,BOMBAY
844,BOMBAY
845,BOMBAY
846,BOMBAY
847,BOMBAY
848,BOMBAY
849,BOMBAY
850,BOMBAY
851,BOMBAY
852,BOMBAY
853,BOMBAY
854,BOMBAY
855,BOMBAY
856,BOMBAY
857,BOMBAY
858,BOMBAY
859,BOMBAY
860,BOMBAY
861,BOMBAY
862,BOMBAY
863,BOMBAY
864,BOMBAY
865,BOMBAY
866,BOMBAY
867,BOMBAY
868,BOMBAY
869,BOMBAY
870,BOMBAY
871,BOMBAY
872,BOMBAY
873,BOMBAY
874,BOMBAY
875,BOMBAY
876,BOMBAY
877,BOMBAY
878,BOMBAY
879,BOMBAY
880,BOMBAY
881,BOMBAY
882,BOMBAY
883,BOMBAY
884,BOMBAY
885,BOMBAY
886,BOMBAY
887,BOMBAY
888,BOMBAY
889,BOMBAY
890,BOMBAY
891,BOMBAY
892,BOMBAY
893,BOMBAY
894,BOMBAY
895,BOMBAY
896,BOMBAY
897,BOMBAY
898,BOMBAY
899,BOMBAY
900,BOMBAY
901,BOMBAY
902,BOMBAY
903,BOMBAY
904,BOMBAY
905,BOMBAY
906,BOMBAY
907,BOMBAY
908,BOMBAY
909,BOMBAY
910,BOMBAY
911,BOMBAY
912,BOMBAY
913,BOMBAY
914,BOMBAY
915,BOMBAY
916,BOMBAY
917,BOMBAY
918,BOMBAY
919,BOMBAY
920,BOMBAY
921,BOMBAY
922,BOMBAY
923,BOMBAY
924,BOMBAY
925,BOMBAY
926,BOMBAY
927,BOMBAY
928,BOMBAY
929,BOMBAY
930,BOMBAY
931,BOMBAY
932,BOMBAY
933,BOMBAY
934,BOMBAY
935,BOMBAY
936,BOMBAY
937,BOMBAY
938,BOMBAY
939,BOMBAY
940,BOMBAY
941,BOMBAY
942,BOMBAY
943,BOMBAY
944,BOMBAY
945,BOMBAY
946,BOMBAY
947,BOMBAY
948,BOMBAY
949,BOMBAY
950,BOMBAY
951,BOMBAY
952,BOMBAY
953,BOMBAY
954,BOMBAY
955,BOMBAY
956,BOMBAY
957,BOMBAY
958,BOMBAY
959,BOMBAY
960,BOMBAY
961,BOMBAY
962,BOMBAY
963,BOMBAY
964,BOMBAY
965,BOMBAY
966,BOMBAY
967,BOMBAY
968,BOMBAY
969,BOMBAY
970,BOMBAY
971,BOMBAY
972,BOMBAY
973,BOMBAY
974,BOMBAY
975,BOMBAY
976,BOMBAY
977,BOMBAY
978,BOMBAY
979,BOMBAY
980,BOMBAY
981,BOMBAY
982,BOMBAY
983,BOMBAY
984,BOMBAY
985,BOMBAY
986,BOMBAY
987,BOMBAY
988,BOMBAY
989,BOMBAY
990,BOMBAY
991,BOMBAY
992,BOMBAY
993,BOMBAY
994,BOMBAY
995,BOMBAY
996,BOMBAY
997,BOMBAY
998,BOMBAY
999,BOMBAY
1000,BOMBAY
1001,BOMBAY
1002,BOMBAY
1003,BOMBAY
1004,BOMBAY
1005,BOMBAY
1006,BOMBAY
1007,BOMBAY
1008,BOMBAY
1009,BOMBAY
1010,BOMBAY
1011,BOMBAY
1012,BOMBAY
1013,BOMBAY
1014,BOMBAY
1015,BOMBAY
1016,BOMBAY
1017,BOMBAY
1018,BOMBAY
1019,BOMBAY
1020,BOMBAY
1021,BOMBAY
1022,BOMBAY
1023,BOMBAY
1024,BOMBAY
1025,BOMBAY
1026,BOMBAY
1027,BOMBAY
1028,BOMBAY
1029,BOMBAY
1030,BOMBAY
1031,BOMBAY
1032,BOMBAY
1033,BOMBAY
1034,BOMBAY
1035,BOMBAY
1036,BOMBAY
1037,BOMBAY
1038,BOMBAY
1039,BOMBAY
1040,BOMBAY
1041,BOMBAY
1042,BOMBAY
1043,BOMBAY
1044,BOMBAY
1045,BOMBAY
1046,BOMBAY
1047,BOMBAY
1048,BOMBAY
1049,BOMBAY
1050,BOMBAY
1051,BOMBAY
1052,BOMBAY
1053,BOMBAY
1054,BOMBAY
1055,BOMBAY
1056,BOMBAY
1057,BOMBAY
1058,BOMBAY
1059,BOMBAY
1060,BOMBAY
1061,BOMBAY
1062,BOMBAY
1063,BOMBAY
1064,BOMBAY
1065,BOMBAY
1066,BOMBAY
1067,BOMBAY
1068,BOMBAY
1069,BOMBAY
1070,BOMBAY
1071,BOMBAY
1072,BOMBAY
1073,BOMBAY
1074,BOMBAY
1075,BOMBAY
1076,BOMBAY
1077,BOMBAY
1078,BOMBAY
1079,BOMBAY
1080,BOMBAY
1081,BOMBAY
1082,BOMBAY
1083,BOMBAY
1084,BOMBAY
1085,BOMBAY
1086,BOMBAY
1087,BOMBAY
1088,BOMBAY
1089,BOMBAY
1090,BOMBAY
1091,BOMBAY
1092,BOMBAY
1093,BOMBAY
1094,BOMBAY
1095,BOMBAY
1096,BOMBAY
1097,BOMBAY
1098,BOMBAY
1099,BOMBAY
1100,BOMBAY
1101,BOMBAY
1102,BOMBAY
1103,BOMBAY
1104,BOMBAY
1105,BOMBAY
1106,BOMBAY
1107,BOMBAY
1108,BOMBAY
1109,BOMBAY
1110,BOMBAY
1111,BOMBAY
1112,BOMBAY
1113,BOMBAY
1114,BOMBAY
1115,BOMBAY
1116,BOMBAY
1117,BOMBAY
1118,BOMBAY
1119,BOMBAY
1120,BOMBAY
1121,BOMBAY
1122,BOMBAY
1123,BOMBAY
1124,BOMBAY
1125,BOMBAY
1126,BOMBAY
1127,BOMBAY
1128,BOMBAY
1129,BOMBAY
1130,BOMBAY
1131,BOMBAY
1132,BOMBAY
1133,BOMBAY
1134,BOMBAY
1135,BOMBAY
1136,BOMBAY
1137,BOMBAY
1138,BOMBAY
1139,BOMBAY
1140,BOMBAY
1141,BOMBAY
1142,BOMBAY
1143,BOMBAY
1144,BOMBAY
1145,BOMBAY
1146,BOMBAY
1147,BOMBAY
1148,BOMBAY
1149,BOMBAY
1150,BOMBAY
1151,BOMBAY
1152,BOMBAY
1153,BOMBAY
1154,BOMBAY
1155,BOMBAY
1156,BOMBAY
1157,BOMBAY
1158,BOMBAY
1159,BOMBAY
1160,BOMBAY
1161,BOMBAY
1162,BOMBAY
1163,BOMBAY
1164,BOMBAY
1165,BOMBAY
1166,BOMBAY
1167,BOMBAY
1168,BOMBAY
1169,BOMBAY
1170,BOMBAY
1171,BOMBAY
1172,BOMBAY
1173,BOMBAY
1174,BOMBAY
1175,BOMBAY
1176,BOMBAY
1177,BOMBAY
1178,BOMBAY
1179,BOMBAY
1180,BOMBAY
1181,BOMBAY
1182,BOMBAY
1183,BOMBAY
1184,BOMBAY
1185,BOMBAY
1186,BOMBAY
1187,BOMBAY
1188,BOMBAY
1189,BOMBAY
1190,BOMBAY
1191,BOMBAY
1192,BOMBAY
1193,BOMBAY
1194,BOMBAY
1195,BOMBAY
1196,BOMBAY
1197,BOMBAY
1198,BOMBAY
1199,BOMBAY
1200,BOMBAY
1201,BOMBAY
1202,BOMBAY
1203,BOMBAY
1204,BOMBAY
1205,BOMBAY
1206,BOMBAY
1207,BOMBAY
1208,BOMBAY
1209,BOMBAY
1210,BOMBAY
1211,BOMBAY
1212,BOMBAY
1213,BOMBAY
1214,BOMBAY
1215,BOMBAY
1216,BOMBAY
1217,BOMBAY
1218,BOMBAY
1219,BOMBAY
1220,BOMBAY
1221,BOMBAY
1222,BOMBAY
1223,BOMBAY
1224,BOMBAY
1225,BOMBAY
1226,BOMBAY
1227,BOMBAY
1228,BOMBAY
1229,BOMBAY
1230,BOMBAY
1231,BOMBAY
1232,BOMBAY
1233,BOMBAY
1234,BOMBAY
1235,BOMBAY
1236,BOMBAY
1237,BOMBAY
1238,BOMBAY
1239,BOMBAY
1240,BOMBAY
1241,BOMBAY
1242,BOMBAY
1243,BOMBAY
1244,BOMBAY
1245,BOMBAY
1246,BOMBAY
1247,BOMBAY
1248,BOMBAY
1249,BOMBAY
1250,BOMBAY
1251,BOMBAY
1252,BOMBAY
1253,BOMBAY
1254,BOMBAY
1255,BOMBAY
1256,BOMBAY
1257,BOMBAY
1258,BOMBAY
1259,BOMBAY
1260,BOMBAY
1261,BOMBAY
1262,BOMBAY
1263,BOMBAY
1264,BOMBAY
1265,BOMBAY
1266,BOMBAY
1267,BOMBAY
1268,BOMBAY
1269,BOMBAY
1270,BOMBAY
1271,BOMBAY
1272,BOMBAY
1273,BOMBAY
1274,BOMBAY
1275,BOMBAY
1276,BOMBAY
1277,BOMBAY
1278,BOMBAY
1279,BOMBAY
1280,BOMBAY
1281,BOMBAY
1282,BOMBAY
1283,BOMBAY
1284,BOMBAY
1285,BOMBAY
1286,BOMBAY
1287,BOMBAY
1288,BOMBAY
1289,BOMBAY
1290,BOMBAY
1291,BOMBAY
1292,BOMBAY
1293,BOMBAY
1294,BOMBAY
1295,BOMBAY
1296,BOMBAY
1297,BOMBAY
1298,BOMBAY
1299,BOMBAY
1300,BOMBAY
1301,BOMBAY
1302,BOMBAY
1303,BOMBAY
1304,BOMBAY
1305,BOMBAY
1306,BOMBAY
1307,BOMBAY
1308,BOMBAY
1309,BOMBAY
1310,BOMBAY
1311,BOMBAY
1312,BOMBAY
1313,BOMBAY
1314,BOMBAY
1315,BOMBAY
1316,BOMBAY
1317,BOMBAY
1318,BOMBAY
1319,BOMBAY
1320,BOMBAY
1321,BOMBAY
1322,BOMBAY
1323,BOMBAY
1324,BOMBAY
1325,BOMBAY
1326,BOMBAY
1327,BOMBAY
1328,BOMBAY
1329,BOMBAY
1330,BOMBAY
1331,BOMBAY
1332,BOMBAY
1333,BOMBAY
1334,BOMBAY
1335,BOMBAY
1336,BOMBAY
1337,BOMBAY
1338,BOMBAY
1339,BOMBAY
1340,BOMBAY
1341,BOMBAY
1342,BOMBAY
1343,BOMBAY
1344,BOMBAY
1345,BOMBAY
1346,BOMBAY
1347,BOMBAY
1348,BOMBAY
1349,BOMBAY
1350,BOMBAY
1351,BOMBAY
1352,BOMBAY
1353,BOMBAY
1354,BOMBAY
1355,BOMBAY
1356,BOMBAY
1357,BOMBAY
1358,BOMBAY
1359,BOMBAY
1360,BOMBAY
1361,BOMBAY
1362,BOMBAY
1363,BOMBAY
1364,BOMBAY
1365,BOMBAY
1366,BOMBAY
1367,BOMBAY
1368,BOMBAY
1369,BOMBAY
1370,BOMBAY
1371,BOMBAY
1372,BOMBAY
1373,BOMBAY
1374,BOMBAY
1375,BOMBAY
1376,BOMBAY
1377,BOMBAY
1378,BOMBAY
1379,BOMBAY
1380,BOMBAY
1381,BOMBAY
1382,BOMBAY
1383,BOMBAY
1384,BOMBAY
1385,BOMBAY
1386,BOMBAY
1387,BOMBAY
1388,BOMBAY
1389,BOMBAY
1390,BOMBAY
1391,BOMBAY
1392,BOMBAY
1393,BOMBAY
1394,BOMBAY
1395,BOMBAY
1396,BOMBAY
1397,BOMBAY
1398,BOMBAY
1399,BOMBAY
1400,BOMBAY
1401,BOMBAY
1402,BOMBAY
1403,BOMBAY
1404,BOMBAY
1405,BOMBAY
1406,BOMBAY
1407,BOMBAY
1408,BOMBAY
1409,BOMBAY
1410,BOMBAY
1411,BOMBAY
1412,BOMBAY
1413,BOMBAY
1414,BOMBAY
1415,BOMBAY
1416,BOMBAY
1417,BOMBAY
1418,BOMBAY
1419,BOMBAY
1420,BOMBAY
1421,BOMBAY
1422,BOMBAY
1423,BOMBAY
1424,BOMBAY
1425,BOMBAY
1426,BOMBAY
1427,BOMBAY
1428,BOMBAY
1429,BOMBAY
1430,BOMBAY
1431,BOMBAY
1432,BOMBAY
1433,BOMBAY
1434,BOMBAY
1435,BOMBAY
1436,BOMBAY
1437,BOMBAY
1438,BOMBAY
1439,BOMBAY
1440,BOMBAY
1441,BOMBAY
1442,BOMBAY
1443,BOMBAY
1444,BOMBAY
1445,BOMBAY
1446,BOMBAY
1447,BOMBAY
1448,BOMBAY
1449,BOMBAY
1450,BOMBAY
1451,BOMBAY
1452,BOMBAY
1453,BOMBAY
1454,BOMBAY
1455,BOMBAY
1456,BOMBAY
1457,BOMBAY
1458,BOMBAY
1459,BOMBAY
1460,BOMBAY
1461,BOMBAY
1462,BOMBAY
1463,BOMBAY
1464,BOMBAY
1465,BOMBAY
1466,BOMBAY
1467,BOMBAY
1468,BOMBAY
1469,BOMBAY
1470,BOMBAY
1471,BOMBAY
1472,BOMBAY
1473,BOMBAY
1474,BOMBAY
1475,BOMBAY
1476,BOMBAY
1477,BOMBAY
1478,BOMBAY
1479,BOMBAY
1480,BOMBAY
1481,BOMBAY
1482,BOMBAY
1483,BOMBAY
1484,BOMBAY
1485,BOMBAY
1486,BOMBAY
1487,BOMBAY
1488,BOMBAY
1489,BOMBAY
1490,BOMBAY
1491,BOMBAY
1492,BOMBAY
1493,BOMBAY
1494,BOMBAY
1495,BOMBAY
1496,BOMBAY
1497,BOMBAY
1498,BOMBAY
1499,BOMBAY
1500,BOMBAY
1501,BOMBAY
1502,BOMBAY
1503,BOMBAY
1504,BOMBAY
1505,BOMBAY
1506,BOMBAY
1507,BOMBAY
1508,BOMBAY
1509,BOMBAY
1510,BOMBAY
1511,BOMBAY
1512,BOMBAY
1513,BOMBAY
1514,BOMBAY
1515,BOMBAY
1516,BOMBAY
1517,BOMBAY
1518,BOMBAY
1519,BOMBAY
1520,BOMBAY
1521,BOMBAY
1522,BOMBAY
1523,BOMBAY
1524,BOMBAY
1525,BOMBAY
1526,BOMBAY
1527,BOMBAY
1528,BOMBAY
1529,BOMBAY
1530,BOMBAY
1531,BOMBAY
1532,BOMBAY
1533,BOMBAY
1534,BOMBAY
1535,BOMBAY
1536,BOMBAY
1537,BOMBAY
1538,BOMBAY
1539,BOMBAY
1540,BOMBAY
1541,BOMBAY
1542,BOMBAY
1543,BOMBAY
1544,BOMBAY
1545,BOMBAY
1546,BOMBAY
1547,BOMBAY
1548,BOMBAY
1549,BOMBAY
1550,BOMBAY
1551,BOMBAY
1552,BOMBAY
1553,BOMBAY
1554,BOMBAY
1555,BOMBAY
1556,BOMBAY
1557,BOMBAY
1558,BOMBAY
1559,BOMBAY
1560,BOMBAY
1561,BOMBAY
1562,BOMBAY
1563,BOMBAY
1564,BOMBAY
1565,BOMBAY
1566,BOMBAY
1567,BOMBAY
1568,BOMBAY
1569,BOMBAY
1570,BOMBAY
1571,BOMBAY
1572,BOMBAY
1573,BOMBAY
1574,BOMBAY
1575,BOMBAY
1576,BOMBAY
1577,BOMBAY
1578,BOMBAY
1579,BOMBAY
1580,BOMBAY
1581,BOMBAY
1582,BOMBAY
1583,BOMBAY
1584,BOMBAY
1585,BOMBAY
1586,BOMBAY
1587,BOMBAY
1588,BOMBAY
1589,BOMBAY
1590,BOMBAY
1591,BOMBAY
1592,BOMBAY
1593,BOMBAY
1594,BOMBAY
1595,BOMBAY
1596,BOMBAY
1597,BOMBAY
1598,BOMBAY
1599,BOMBAY
1600,BOMBAY
1601,BOMBAY
1602,BOMBAY
1603,BOMBAY
1604,BOMBAY
1605,BOMBAY
1606,BOMBAY
1607,BOMBAY
1608,BOMBAY
1609,BOMBAY
1610,BOMBAY
1611,BOMBAY
1612,BOMBAY
1613,BOMBAY
1614,BOMBAY
1615,BOMBAY
1616,BOMBAY
1617,BOMBAY
1618,BOMBAY
1619,BOMBAY
1620,BOMBAY
1621,BOMBAY
1622,BOMBAY
1623,BOMBAY
1624,BOMBAY
1625,BOMBAY
1626,BOMBAY
1627,BOMBAY
1628,BOMBAY
1629,BOMBAY
1630,BOMBAY
1631,BOMBAY
1632,BOMBAY
1633,BOMBAY
1634,BOMBAY
1635,BOMBAY
1636,BOMBAY
1637,BOMBAY
1638,BOMBAY
1639,BOMBAY
1640,BOMBAY
1641,BOMBAY
1642,BOMBAY
1643,BOMBAY
1644,BOMBAY
1645,BOMBAY
1646,BOMBAY
1647,BOMBAY
1648,BOMBAY
1649,BOMBAY
1650,BOMBAY
1651,BOMBAY
1652,BOMBAY
1653,BOMBAY
1654,BOMBAY
1655,BOMBAY
1656,BOMBAY
1657,BOMBAY
1658,BOMBAY
1659,BOMBAY
1660,BOMBAY
1661,BOMBAY
1662,BOMBAY
1663,BOMBAY
1664,BOMBAY
1665,BOMBAY
1666,BOMBAY
1667,BOMBAY
1668,BOMBAY
1669,BOMBAY
1670,BOMBAY
1671,BOMBAY
1672,BOMBAY
1673,BOMBAY
1674,BOMBAY
1675,BOMBAY
1676,BOMBAY
1677,BOMBAY
1678,BOMBAY
1679,BOMBAY
1680,BOMBAY
1681,BOMBAY
1682,BOMBAY
1683,BOMBAY
1684,BOMBAY
1685,BOMBAY
1686,BOMBAY
1687,BOMBAY
1688,BOMBAY
1689,BOMBAY
1690,BOMBAY
1691,BOMBAY
1692,BOMBAY
1693,BOMBAY
1694,BOMBAY
1695,BOMBAY
1696,BOMBAY
1697,BOMBAY
1698,BOMBAY
1699,BOMBAY
1700,BOMBAY
1701,BOMBAY
1702,BOMBAY
1703,BOMBAY
1704,BOMBAY
1705,BOMBAY
1706,BOMBAY
1707,BOMBAY
1708,BOMBAY
1709,BOMBAY
1710,BOMBAY
1711,BOMBAY
1712,BOMBAY
1713,BOMBAY
1714,BOMBAY
1715,BOMBAY
1716,BOMBAY
1717,BOMBAY
1718,BOMBAY
1719,BOMBAY
1720,BOMBAY
1721,BOMBAY
1722,BOMBAY
1723,BOMBAY
1724,BOMBAY
1725,BOMBAY
1726,BOMBAY
1727,BOMBAY
1728,BOMBAY
1729,BOMBAY
1730,BOMBAY
1731,BOMBAY
1732,BOMBAY
1733,BOMBAY
1734,BOMBAY
1735,BOMBAY
1736,BOMBAY
1737,BOMBAY
1738,BOMBAY
1739,BOMBAY
1740,BOMBAY
1741,BOMBAY
1742,BOMBAY
1743,BOMBAY
1744,BOMBAY
1745,BOMBAY
1746,BOMBAY
1747,BOMBAY
1748,BOMBAY
1749,BOMBAY
1750,BOMBAY
1751,BOMBAY
1752,BOMBAY
1753,BOMBAY
1754,BOMBAY
1755,BOMBAY
1756,BOMBAY
1757,BOMBAY
1758,BOMBAY
1759,BOMBAY
1760,BOMBAY
1761,BOMBAY
1762,BOMBAY
1763,BOMBAY
1764,BOMBAY
1765,BOMBAY
1766,BOMBAY
1767,BOMBAY
1768,BOMBAY
1769,BOMBAY
1770,BOMBAY
1771,BOMBAY
1772,BOMBAY
1773,BOMBAY
1774,BOMBAY
1775,BOMBAY
1776,BOMBAY
1777,BOMBAY
1778,BOMBAY
1779,BOMBAY
1780,BOMBAY
1781,BOMBAY
1782,BOMBAY
1783,BOMBAY
1784,BOMBAY
1785,BOMBAY
1786,BOMBAY
1787,BOMBAY
1788,BOMBAY
1789,BOMBAY
1790,BOMBAY
1791,BOMBAY
1792,BOMBAY
1793,BOMBAY
1794,BOMBAY
1795,BOMBAY
1796,BOMBAY
1797,BOMBAY
1798,BOMBAY
1799,BOMBAY
1800,BOMBAY
1801,BOMBAY
1802,BOMBAY
1803,BOMBAY
1804,BOMBAY
1805,BOMBAY
1806,BOMBAY
1807,BOMBAY
1808,BOMBAY
1809,BOMBAY
1810,BOMBAY
1811,BOMBAY
1812,BOMBAY
1813,BOMBAY
1814,BOMBAY
1815,BOMBAY
1816,BOMBAY
1817,BOMBAY
1818,BOMBAY
1819,BOMBAY
1820,BOMBAY
1821,BOMBAY
1822,BOMBAY
1823,BOMBAY
1824,BOMBAY
1825,BOMBAY
1826,BOMBAY
1827,BOMBAY
1828,BOMBAY
1829,BOMBAY
1830,BOMBAY
1831,BOMBAY
1832,BOMBAY
1833,BOMBAY
1834,BOMBAY
1835,BOMBAY
1836,BOMBAY
1837,BOMBAY
1838,BOMBAY
1839,BOMBAY
1840,BOMBAY
1841,BOMBAY
1842,BOMBAY
1843,BOMBAY
1844,BOMBAY
1845,BOMBAY
1846,BOMBAY
1847,BOMBAY
1848,BOMBAY
1849,BOMBAY
1850,BOMBAY
1851,BOMBAY
1852,BOMBAY
1853,BOMBAY
1854,BOMBAY
1855,BOMBAY
1856,BOMBAY
1857,BOMBAY
1858,BOMBAY
1859,BOMBAY
1860,BOMBAY
1861,BOMBAY
1862,BOMBAY
1863,BOMBAY
1864,BOMBAY
1865,BOMBAY
1866,BOMBAY
1867,BOMBAY
1868,BOMBAY
1869,BOMBAY
1870,BOMBAY
1871,BOMBAY
1872,BOMBAY
1873,BOMBAY
1874,BOMBAY
1875,BOMBAY
1876,BOMBAY
1877,BOMBAY
1878,BOMBAY
1879,BOMBAY
1880,BOMBAY
1881,BOMBAY
1882,BOMBAY
1883,BOMBAY
1884,BOMBAY
1885,BOMBAY
1886,BOMBAY
1887,BOMBAY
1888,BOMBAY
1889,BOMBAY
1890,BOMBAY
1891,BOMBAY
1892,BOMBAY
1893,BOMBAY
1894,BOMBAY
1895,BOMBAY
1896,BOMBAY
1897,BOMBAY
1898,BOMBAY
1899,BOMBAY
1900,BOMBAY
1901,BOMBAY
1902,BOMBAY
1903,BOMBAY
1904,BOMBAY
1905,BOMBAY
1906,BOMBAY
1907,BOMBAY
1908,BOMBAY
1909,BOMBAY
1910,BOMBAY
1911,BOMBAY
1912,BOMBAY
1913,BOMBAY
1914,BOMBAY
1915,BOMBAY
1916,BOMBAY
1917,BOMBAY
1918,BOMBAY
1919,BOMBAY
1920,BOMBAY
1921,BOMBAY
1922,BOMBAY
1923,BOMBAY
1924,BOMBAY
1925,BOMBAY
1926,BOMBAY
1927,BOMBAY
1928,BOMBAY
1929,BOMBAY
1930,BOMBAY
1931,BOMBAY
1932,BOMBAY
1933,BOMBAY
1934,BOMBAY
1935,BOMBAY
1936,BOMBAY
1937,BOMBAY
1938,BOMBAY
1939,BOMBAY
1940,BOMBAY
1941,BOMBAY
1942,BOMBAY
1943,BOMBAY
1944,BOMBAY
1945,BOMBAY
1946,BOMBAY
1947,BOMBAY
1948,BOMBAY
1949,BOMBAY
1950,BOMBAY
1951,BOMBAY
1952,BOMBAY
1953,BOMBAY
1954,BOMBAY
1955,BOMBAY
1956,BOMBAY
1957,BOMBAY
1958,BOMBAY
1959,BOMBAY
1960,BOMBAY
1961,BOMBAY
1962,BOMBAY
1963,BOMBAY
1964,BOMBAY
1965,BOMBAY
1966,BOMBAY
1967,BOMBAY
1968,BOMBAY
1969,BOMBAY
1970,BOMBAY
1971,BOMBAY
1972,BOMBAY
1973,BOMBAY
1974,BOMBAY
1975,BOMBAY
1976,BOMBAY
1977,BOMBAY
1978,BOMBAY
1979,BOMBAY
1980,BOMBAY
1981,BOMBAY
1982,BOMBAY
1983,BOMBAY
1984,BOMBAY
1985,BOMBAY
1986,BOMBAY
1987,BOMBAY
1988,BOMBAY
1989,BOMBAY
1990,BOMBAY
1991,BOMBAY
1992,BOMBAY
1993,BOMBAY
1994,BOMBAY
1995,BOMBAY
1996,BOMBAY
1997,BOMBAY
1998,BOMBAY
1999,BOMBAY
2000,BOMBAY
2001,BOMBAY
2002,BOMBAY
2003,BOMBAY
2004,BOMBAY
2005,BOMBAY
2006,BOMBAY
2007,BOMBAY
2008,BOMBAY
2009,BOMBAY
2010,BOMBAY
2011,BOMBAY
2012,BOMBAY
2013,BOMBAY
2014,BOMBAY
2015,BOMBAY
2016,BOMBAY
2017,BOMBAY
2018,BOMBAY
2019,BOMBAY
2020,BOMBAY
2021,BOMBAY
2022,BOMBAY
2023,BOMBAY
2024,BOMBAY
2025,BOMBAY
2026,BOMBAY
2027,BOMBAY
2028,BOMBAY
2029,BOMBAY
2030,BOMBAY
2031,BOMBAY
2032,BOMBAY
2033,BOMBAY
2034,BOMBAY
2035,BOMBAY
2036,BOMBAY
2037,BOMBAY
2038,BOMBAY
2039,BOMBAY
2040,BOMBAY
2041,BOMBAY
2042,BOMBAY
2043,BOMBAY
2044,BOMBAY
2045,BOMBAY
2046,BOMBAY
2047,BOMBAY
2048,BOMBAY
2049,BOMBAY
2050,BOMBAY
2051,BOMBAY
2052,BOMBAY
2053,BOMBAY
2054,BOMBAY
2055,BOMBAY
2056,BOMBAY
2057,BOMBAY
2058,BOMBAY
2059,BOMBAY
2060,BOMBAY
2061,BOMBAY
2062,BOMBAY
2063,BOMBAY
2064,BOMBAY
2065,BOMBAY
2066,BOMBAY
2067,BOMBAY
2068,BOMBAY
2069,BOMBAY
2070,BOMBAY
2071,BOMBAY
2072,BOMBAY
2073,BOMBAY
2074,BOMBAY
2075,BOMBAY
2076,BOMBAY
2077,BOMBAY
2078,BOMBAY
2079,BOMBAY
2080,BOMBAY
2081,BOMBAY
2082,BOMBAY
2083,BOMBAY
2084,BOMBAY
2085,BOMBAY
2086,BOMBAY
2087,BOMBAY
2088,BOMBAY
2089,BOMBAY
2090,BOMBAY
2091,BOMBAY
2092,BOMBAY
2093,BOMBAY
2094,BOMBAY
2095,BOMBAY
2096,BOMBAY
2097,BOMBAY
2098,BOMBAY
2099,BOMBAY
2100,BOMBAY
2101,BOMBAY
2102,BOMBAY
2103,BOMBAY
2104,BOMBAY
2105,BOMBAY
2106,BOMBAY
2107,BOMBAY
2108,BOMBAY
2109,BOMBAY
2110,BOMBAY
2111,BOMBAY
2112,BOMBAY
2113,BOMBAY
2114,BOMBAY
2115,BOMBAY
2116,BOMBAY
2117,BOMBAY
2118,BOMBAY
2119,BOMBAY
2120,BOMBAY
2121,BOMBAY
2122,BOMBAY
2123,BOMBAY
2124,BOMBAY
2125,BOMBAY
2126,BOMBAY
2127,BOMBAY
2128,BOMBAY
2129,BOMBAY
2130,BOMBAY
2131,BOMBAY
2132,BOMBAY
2133,BOMBAY
2134,BOMBAY
2135,BOMBAY
2136,BOMBAY
2137,BOMBAY
2138,BOMBAY
2139,BOMBAY
2140,BOMBAY
2141,BOMBAY
2142,BOMBAY
2143,BOMBAY
2144,BOMBAY
2145,BOMBAY
2146,BOMBAY
2147,BOMBAY
2148,BOMBAY
2149,BOMBAY
2150,BOMBAY
2151,BOMBAY
2152,BOMBAY
2153,BOMBAY
2154,BOMBAY
2155,BOMBAY
2156,BOMBAY
2157,BOMBAY
2158,BOMBAY
2159,BOMBAY
2160,BOMBAY
2161,BOMBAY
2162,BOMBAY
2163,BOMBAY
2164,BOMBAY
2165,BOMBAY
2166,BOMBAY
2167,BOMBAY
2168,BOMBAY
2169,BOMBAY
2170,BOMBAY
2171,BOMBAY
2172,BOMBAY
2173,BOMBAY
2174,BOMBAY
2175,BOMBAY
2176,BOMBAY
2177,BOMBAY
2178,BOMBAY
2179,BOMBAY
2180,BOMBAY
2181,BOMBAY
2182,BOMBAY
2183,BOMBAY
2184,BOMBAY
2185,BOMBAY
2186,BOMBAY
2187,BOMBAY
2188,BOMBAY
2189,BOMBAY
2190,BOMBAY
2191,BOMBAY
2192,BOMBAY
2193,BOMBAY
2194,BOMBAY
2195,BOMBAY
2196,BOMBAY
2197,BOMBAY
2198,BOMBAY
2199,BOMBAY
2200,BOMBAY
2201,BOMBAY
2202,BOMBAY
2203,BOMBAY
2204,BOMBAY
2205,BOMBAY
2206,BOMBAY
2207,BOMBAY
2208,BOMBAY
2209,BOMBAY
2210,BOMBAY
2211,BOMBAY
2212,BOMBAY
2213,BOMBAY
2214,BOMBAY
2215,BOMBAY
2216,BOMBAY
2217,BOMBAY
2218,BOMBAY
2219,BOMBAY
2220,BOMBAY
2221,BOMBAY
2222,BOMBAY
2223,BOMBAY
2224,BOMBAY
2225,BOMBAY
2226,BOMBAY
2227,BOMBAY
2228,BOMBAY
2229,BOMBAY
2230,BOMBAY
2231,BOMBAY
2232,BOMBAY
2233,BOMBAY
2234,BOMBAY
2235,BOMBAY
2236,BOMBAY
2237,BOMBAY
2238,BOMBAY
2239,BOMBAY
2240,BOMBAY
2241,BOMBAY
2242,BOMBAY
2243,BOMBAY
2244,BOMBAY
2245,BOMBAY
2246,BOMBAY
2247,BOMBAY
2248,BOMBAY
2249,BOMBAY
2250,BOMBAY
2251,BOMBAY
2252,BOMBAY
2253,BOMBAY
2254,BOMBAY
2255,BOMBAY
2256,BOMBAY
2257,BOMBAY
2258,BOMBAY
2259,BOMBAY
2260,BOMBAY
2261,BOMBAY
2262,BOMBAY
2263,BOMBAY
2264,BOMBAY
2265,BOMBAY
2266,BOMBAY
2267,BOMBAY
2268,BOMBAY
2269,BOMBAY
2270,BOMBAY
2271,BOMBAY
2272,BOMBAY
2273,BOMBAY
2274,BOMBAY
2275,BOMBAY
2276,BOMBAY
2277,BOMBAY
2278,BOMBAY
2279,BOMBAY
2280,BOMBAY
2281,BOMBAY
2282,BOMBAY
2283,BOMBAY
2284,BOMBAY
2285,BOMBAY
2286,BOMBAY
2287,BOMBAY
2288,BOMBAY
2289,BOMBAY
2290,BOMBAY
2291,BOMBAY
2292,BOMBAY
2293,BOMBAY
2294,BOMBAY
2295,BOMBAY
2296,BOMBAY
2297,BOMBAY
2298,BOMBAY
2299,BOMBAY
2300,BOMBAY
2301,BOMBAY
2302,BOMBAY
2303,BOMBAY
2304,BOMBAY
2305,BOMBAY
2306,BOMBAY
2307,BOMBAY
2308,BOMBAY
2309,BOMBAY
2310,BOMBAY
2311,BOMBAY
2312,BOMBAY
2313,BOMBAY
2314,BOMBAY
2315,BOMBAY
2316,BOMBAY
2317,BOMBAY
2318,BOMBAY
2319,BOMBAY
2320,BOMBAY
2321,BOMBAY
2322,BOMBAY
2323,BOMBAY
2324,BOMBAY
2325,BOMBAY
2326,BOMBAY
2327,BOMBAY
2328,BOMBAY
2329,BOMBAY
2330,BOMBAY
2331,BOMBAY
2332,BOMBAY
2333,BOMBAY
2334,BOMBAY
2335,BOMBAY
2336,BOMBAY
2337,BOMBAY
2338,BOMBAY
2339,BOMBAY
2340,BOMBAY
2341,BOMBAY
2342,BOMBAY
2343,BOMBAY
2344,BOMBAY
2345,BOMBAY
2346,BOMBAY
2347,BOMBAY
2348,BOMBAY
2349,BOMBAY
2350,BOMBAY
2351,BOMBAY
2352,BOMBAY
2353,BOMBAY
2354,BOMBAY
2355,BOMBAY
2356,BOMBAY
2357,BOMBAY
2358,BOMBAY
2359,BOMBAY
2360,BOMBAY
2361,BOMBAY
2362,BOMBAY
2363,BOMBAY
2364,BOMBAY
2365,BOMBAY
2366,BOMBAY
2367,BOMBAY
2368,BOMBAY
2369,BOMBAY
2370,BOMBAY
2371,BOMBAY
2372,BOMBAY
2373,BOMBAY
2374,BOMBAY
2375,BOMBAY
2376,BOMBAY
2377,BOMBAY
2378,BOMBAY
2379,BOMBAY
2380,BOMBAY
2381,BOMBAY
2382,BOMBAY
2383,BOMBAY
2384,BOMBAY
2385,BOMBAY
2386,BOMBAY
2387,BOMBAY
2388,BOMBAY
2389,BOMBAY
2390,BOMBAY
2391,BOMBAY
2392,BOMBAY
2393,BOMBAY
2394,BOMBAY
2395,BOMBAY
2396,BOMBAY
2397,BOMBAY
2398,BOMBAY
2399,BOMBAY
2400,BOMBAY
2401,BOMBAY
2402,BOMBAY
2403,BOMBAY
2404,BOMBAY
2405,BOMBAY
2406,BOMBAY
2407,BOMBAY
2408,BOMBAY
2409,BOMBAY
2410,BOMBAY
2411,BOMBAY
2412,BOMBAY
2413,BOMBAY
2414,BOMBAY
2415,BOMBAY
2416,BOMBAY
2417,BOMBAY
2418,BOMBAY
2419,BOMBAY
2420,BOMBAY
2421,BOMBAY
2422,BOMBAY
2423,BOMBAY
2424,BOMBAY
2425,BOMBAY
2426,BOMBAY
2427,BOMBAY
2428,BOMBAY
2429,BOMBAY
2430,BOMBAY
2431,BOMBAY
2432,BOMBAY
2433,BOMBAY
2434,BOMBAY
2435,BOMBAY
2436,BOMBAY
2437,BOMBAY
2438,BOMBAY
2439,BOMBAY
2440,BOMBAY
2441,BOMBAY
2442,BOMBAY
2443,BOMBAY
2444,BOMBAY
2445,BOMBAY
2446,BOMBAY
2447,BOMBAY
2448,BOMBAY
2449,BOMBAY
2450,BOMBAY
2451,BOMBAY
2452,BOMBAY
2453,BOMBAY
2454,BOMBAY
2455,BOMBAY
2456,BOMBAY
2457,BOMBAY
2458,BOMBAY
2459,BOMBAY
2460,BOMBAY
2461,BOMBAY
2462,BOMBAY
2463,BOMBAY
2464,BOMBAY
2465,BOMBAY
2466,BOMBAY
2467,BOMBAY
2468,BOMBAY
2469,BOMBAY
2470,BOMBAY
2471,BOMBAY
2472,BOMBAY
2473,BOMBAY
2474,BOMBAY
2475,BOMBAY
2476,BOMBAY
2477,BOMBAY
2478,BOMBAY
2479,BOMBAY
2480,BOMBAY
2481,BOMBAY
2482,BOMBAY
2483,BOMBAY
2484,BOMBAY
2485,BOMBAY
2486,BOMBAY
2487,BOMBAY
2488,BOMBAY
2489,BOMBAY
2490,BOMBAY
2491,BOMBAY
2492,BOMBAY
2493,BOMBAY
2494,BOMBAY
2495,BOMBAY
2496,BOMBAY
2497,BOMBAY
2498,BOMBAY
2499,BOMBAY
2500,BOMBAY
2501,BOMBAY
2502,BOMBAY
2503,BOMBAY
2504,BOMBAY
2505,BOMBAY
2506,BOMBAY
2507,BOMBAY
2508,BOMBAY
2509,BOMBAY
2510,BOMBAY
2511,BOMBAY
2512,BOMBAY
2513,BOMBAY
2514,BOMBAY
2515,BOMBAY
2516,BOMBAY
2517,BOMBAY
2518,BOMBAY
2519,BOMBAY
2520,BOMBAY
2521,BOMBAY
2522,BOMBAY
2523,BOMBAY
2524,BOMBAY
2525,BOMBAY
2526,BOMBAY
2527,BOMBAY
2528,BOMBAY
2529,BOMBAY
2530,BOMBAY
2531,BOMBAY
2532,BOMBAY
2533,BOMBAY
2534,BOMBAY
2535,BOMBAY
2536,BOMBAY
2537,BOMBAY
2538,BOMBAY
2539,BOMBAY
2540,BOMBAY
2541,BOMBAY
2542,BOMBAY
2543,BOMBAY
2544,BOMBAY
2545,BOMBAY
2546,BOMBAY
2547,BOMBAY
2548,BOMBAY
2549,BOMBAY
2550,BOMBAY
2551,BOMBAY
2552,BOMBAY
2553,BOMBAY
2554,BOMBAY
2555,BOMBAY
2556,BOMBAY
2557,BOMBAY
2558,BOMBAY
2559,BOMBAY
2560,BOMBAY
2561,BOMBAY
2562,BOMBAY
2563,BOMBAY
2564,BOMBAY
2565,BOMBAY
2566,BOMBAY
2567,BOMBAY
2568,BOMBAY
2569,BOMBAY
2570,BOMBAY
2571,BOMBAY
2572,BOMBAY
2573,BOMBAY
2574,BOMBAY
2575,BOMBAY
2576,BOMBAY
2577,BOMBAY
2578,BOMBAY
2579,BOMBAY
2580,BOMBAY
2581,BOMBAY
2582,BOMBAY
2583,BOMBAY
2584,BOMBAY
2585,BOMBAY
2586,BOMBAY
2587,BOMBAY
2588,BOMBAY
2589,BOMBAY
2590,BOMBAY
2591,BOMBAY
2592,BOMBAY
2593,BOMBAY
2594,BOMBAY
2595,BOMBAY
2596,BOMBAY
2597,BOMBAY
2598,BOMBAY
2599,BOMBAY
2600,BOMBAY
2601,BOMBAY
2602,BOMBAY
2603,BOMBAY
2604,BOMBAY
2605,BOMBAY
2606,BOMBAY
2607,BOMBAY
2608,BOMBAY
2609,BOMBAY
2610,BOMBAY
2611,BOMBAY
2612,BOMBAY
2613,BOMBAY
2614,BOMBAY
2615,BOMBAY
2616,BOMBAY
2617,BOMBAY
2618,BOMBAY
2619,BOMBAY
2620,BOMBAY
2621,BOMBAY
2622,BOMBAY
2623,BOMBAY
2624,BOMBAY
2625,BOMBAY
2626,BOMBAY
2627,BOMBAY
2628,BOMBAY
2629,BOMBAY
2630,BOMBAY
2631,BOMBAY
2632,BOMBAY
2633,BOMBAY
2634,BOMBAY
2635,BOMBAY
2636,BOMBAY
2637,BOMBAY
2638,BOMBAY
2639,BOMBAY
2640,BOMBAY
2641,BOMBAY
2642,BOMBAY
2643,BOMBAY
2644,BOMBAY
2645,BOMBAY
2646,BOMBAY
2647,BOMBAY
2648,BOMBAY
2649,BOMBAY
2650,BOMBAY
2651,BOMBAY
2652,BOMBAY
2653,BOMBAY
2654,BOMBAY
2655,BOMBAY
2656,BOMBAY
2657,BOMBAY
2658,BOMBAY
2659,BOMBAY
2660,BOMBAY
2661,BOMBAY
2662,BOMBAY
2663,BOMBAY
2664,BOMBAY
2665,BOMBAY
2666,BOMBAY
2667,BOMBAY
2668,BOMBAY
2669,BOMBAY
2670,BOMBAY
2671,BOMBAY
2672,BOMBAY
2673,BOMBAY
2674,BOMBAY
2675,BOMBAY
2676,BOMBAY
2677,BOMBAY
2678,BOMBAY
2679,BOMBAY
2680,BOMBAY
2681,BOMBAY
2682,BOMBAY
2683,BOMBAY
2684,BOMBAY
2685,BOMBAY
2686,BOMBAY
2687,BOMBAY
2688,BOMBAY
2689,BOMBAY
2690,BOMBAY
2691,BOMBAY
2692,BOMBAY
2693,BOMBAY
2694,BOMBAY
2695,BOMBAY
2696,BOMBAY
2697,BOMBAY
2698,BOMBAY
2699,BOMBAY
2700,BOMBAY
2701,BOMBAY
2702,BOMBAY
2703,BOMBAY
2704,BOMBAY
2705,BOMBAY
2706,BOMBAY
2707,BOMBAY
2708,BOMBAY
2709,BOMBAY
2710,BOMBAY
2711,BOMBAY
2712,BOMBAY
2713,BOMBAY
2714,BOMBAY
2715,BOMBAY
2716,BOMBAY
2717,BOMBAY
2718,BOMBAY
2719,BOMBAY
2720,BOMBAY
2721,BOMBAY
2722,BOMBAY
2723,BOMBAY
